id,title,diff_url,revision_id,timestamp,contributor_ip,contributor_ip_int
23558638,Vilmorin,http://en.wikipedia.org/w/index.php?diff=340582837,340582837,1264709088,164.144.252.26,2760965146
2530989,Qizilbash,http://en.wikipedia.org/w/index.php?diff=333116613,333116613,1261427187,164.144.252.26,2760965146
1904522,Saul Rubinek,http://en.wikipedia.org/w/index.php?diff=331663225,331663225,1260818445,164.144.248.26,2760964122
1904522,Saul Rubinek,http://en.wikipedia.org/w/index.php?diff=331663066,331663066,1260818382,164.144.248.26,2760964122
2965801,Behavior Driven Development,http://en.wikipedia.org/w/index.php?diff=330692269,330692269,1260379403,164.144.248.26,2760964122
2029838,Larry Miller (actor),http://en.wikipedia.org/w/index.php?diff=330399790,330399790,1260250185,164.144.232.10,2760960010
2029838,Larry Miller (actor),http://en.wikipedia.org/w/index.php?diff=330399663,330399663,1260250115,164.144.232.10,2760960010
2029838,Larry Miller (actor),http://en.wikipedia.org/w/index.php?diff=330374988,330374988,1260240408,164.144.232.10,2760960010
217524,Neoprene,http://en.wikipedia.org/w/index.php?diff=330373824,330373824,1260239990,164.144.232.10,2760960010
217524,Neoprene,http://en.wikipedia.org/w/index.php?diff=330372803,330372803,1260239625,164.144.232.10,2760960010
428989,Bose Corporation,http://en.wikipedia.org/w/index.php?diff=330209518,330209518,1260173342,164.144.232.10,2760960010
20298565,Richard S. Williamson,http://en.wikipedia.org/w/index.php?diff=330204255,330204255,1260169899,164.144.232.10,2760960010
12089729,List of stage names,http://en.wikipedia.org/w/index.php?diff=329643303,329643303,1259922905,164.144.232.10,2760960010
12089729,List of stage names,http://en.wikipedia.org/w/index.php?diff=329430063,329430063,1259835112,164.144.232.10,2760960010
12089729,List of stage names,http://en.wikipedia.org/w/index.php?diff=329429775,329429775,1259834946,164.144.232.10,2760960010
491908,Carpetbagger,http://en.wikipedia.org/w/index.php?diff=328738692,328738692,1259557460,164.144.232.10,2760960010
263209,Mushroom cloud,http://en.wikipedia.org/w/index.php?diff=328731583,328731583,1259554275,164.144.232.10,2760960010
4791367,Alan Gottlieb,http://en.wikipedia.org/w/index.php?diff=327616113,327616113,1259042332,164.144.232.10,2760960010
3216914,List of Indian dishes,http://en.wikipedia.org/w/index.php?diff=327537491,327537491,1259010172,164.144.252.26,2760965146
3216914,List of Indian dishes,http://en.wikipedia.org/w/index.php?diff=327535428,327535428,1259009409,164.144.252.26,2760965146
11901400,Modern Technique of the Pistol,http://en.wikipedia.org/w/index.php?diff=327424940,327424940,1258956011,164.144.232.10,2760960010
3533912,Glufosinate,http://en.wikipedia.org/w/index.php?diff=327424312,327424312,1258955656,164.144.232.10,2760960010
201856,Rani Lakshmibai,http://en.wikipedia.org/w/index.php?diff=326354992,326354992,1258471187,164.144.252.26,2760965146
864014,Teflon-coated bullet,http://en.wikipedia.org/w/index.php?diff=326135601,326135601,1258364614,164.144.232.10,2760960010
864014,Teflon-coated bullet,http://en.wikipedia.org/w/index.php?diff=326134926,326134926,1258364183,164.144.232.10,2760960010
71758,Hollow-point bullet,http://en.wikipedia.org/w/index.php?diff=326133938,326133938,1258363565,164.144.232.10,2760960010
71758,Hollow-point bullet,http://en.wikipedia.org/w/index.php?diff=326133864,326133864,1258363527,164.144.232.10,2760960010
71758,Hollow-point bullet,http://en.wikipedia.org/w/index.php?diff=326133750,326133750,1258363465,164.144.232.10,2760960010
169036,Slaughter-House Cases,http://en.wikipedia.org/w/index.php?diff=326114036,326114036,1258350180,164.144.232.10,2760960010
1641654,Maytag Blue cheese,http://en.wikipedia.org/w/index.php?diff=326103180,326103180,1258344188,164.144.232.10,2760960010
3219507,Bleu de Bresse,http://en.wikipedia.org/w/index.php?diff=326101535,326101535,1258343379,164.144.232.10,2760960010
7418007,Talk:Red eye (drink),http://en.wikipedia.org/w/index.php?diff=326080820,326080820,1258334282,164.144.232.10,2760960010
7418007,Talk:Red eye (drink),http://en.wikipedia.org/w/index.php?diff=326080606,326080606,1258334186,164.144.232.10,2760960010
2986823,Red eye (drink),http://en.wikipedia.org/w/index.php?diff=326080162,326080162,1258333998,164.144.232.10,2760960010
8665240,The China World Trade Center,http://en.wikipedia.org/w/index.php?diff=325563688,325563688,1258084962,164.144.232.10,2760960010
620429,Talk:FN P90,http://en.wikipedia.org/w/index.php?diff=324961921,324961921,1257817569,164.144.232.10,2760960010
487339,FN P90,http://en.wikipedia.org/w/index.php?diff=324773335,324773335,1257736703,164.144.232.10,2760960010
487339,FN P90,http://en.wikipedia.org/w/index.php?diff=324773169,324773169,1257736638,164.144.232.10,2760960010
1371942,Aimpoint CompM2,http://en.wikipedia.org/w/index.php?diff=324250205,324250205,1257501367,164.144.232.10,2760960010
1371942,Aimpoint CompM2,http://en.wikipedia.org/w/index.php?diff=324250180,324250180,1257501351,164.144.232.10,2760960010
14617881,Fortune Plaza Office Building 1,http://en.wikipedia.org/w/index.php?diff=323444826,323444826,1257155072,164.144.232.10,2760960010
12072030,Marching Mizzou,http://en.wikipedia.org/w/index.php?diff=322556335,322556335,1256746187,164.144.252.26,2760965146
26920,Sammy Sosa,http://en.wikipedia.org/w/index.php?diff=322410301,322410301,1256677868,164.144.252.26,2760965146
174474,Interrupter gear,http://en.wikipedia.org/w/index.php?diff=320102235,320102235,1255645565,164.144.252.26,2760965146
79270,Cartridge (firearms),http://en.wikipedia.org/w/index.php?diff=318934729,318934729,1255120338,164.144.252.26,2760965146
79270,Cartridge (firearms),http://en.wikipedia.org/w/index.php?diff=318934600,318934600,1255120300,164.144.252.26,2760965146
79270,Cartridge (firearms),http://en.wikipedia.org/w/index.php?diff=318933702,318933702,1255120028,164.144.252.26,2760965146
79270,Cartridge (firearms),http://en.wikipedia.org/w/index.php?diff=318933175,318933175,1255119857,164.144.252.26,2760965146
5202619,.400 Corbon,http://en.wikipedia.org/w/index.php?diff=318885165,318885165,1255103028,164.144.252.26,2760965146
4683430,.300 Winchester Magnum,http://en.wikipedia.org/w/index.php?diff=318756993,318756993,1255044155,164.144.252.26,2760965146
877616,M40 rifle,http://en.wikipedia.org/w/index.php?diff=318756639,318756639,1255044058,164.144.252.26,2760965146
79270,Cartridge (firearms),http://en.wikipedia.org/w/index.php?diff=318462257,318462257,1254926762,164.144.252.26,2760965146
19612579,User:ST47/test,http://en.wikipedia.org/w/index.php?diff=317140143,317140143,1254337963,164.144.252.26,2760965146
16914142,.17-357 RG,http://en.wikipedia.org/w/index.php?diff=314370258,314370258,1253119630,164.144.252.26,2760965146
530938,.357 SIG,http://en.wikipedia.org/w/index.php?diff=314368928,314368928,1253119176,164.144.252.26,2760965146
21930891,User:ST47/éółŽć,http://en.wikipedia.org/w/index.php?diff=313223531,313223531,1252690937,164.144.252.26,2760965146
21930977,User:ST47/unicode3,http://en.wikipedia.org/w/index.php?diff=313223521,313223521,1252690935,164.144.252.26,2760965146
21385477,User:ST47/unicode2,http://en.wikipedia.org/w/index.php?diff=313223520,313223520,1252690934,164.144.252.26,2760965146
19612579,User:ST47/test,http://en.wikipedia.org/w/index.php?diff=313223448,313223448,1252690901,164.144.252.26,2760965146
26214,Reverse transcriptase,http://en.wikipedia.org/w/index.php?diff=313218755,313218755,1252689065,164.144.252.26,2760965146
51585,New Delhi,http://en.wikipedia.org/w/index.php?diff=312653178,312653178,1252442561,164.144.252.26,2760965146
348179,List of most common surnames,http://en.wikipedia.org/w/index.php?diff=311726151,311726151,1252012588,164.144.252.26,2760965146
4688,William M. Tweed,http://en.wikipedia.org/w/index.php?diff=310745049,310745049,1251568113,164.144.252.26,2760965146
1187069,Dorothy Otnow Lewis,http://en.wikipedia.org/w/index.php?diff=310036353,310036353,1251232663,164.144.252.26,2760965146
1187069,Dorothy Otnow Lewis,http://en.wikipedia.org/w/index.php?diff=310036217,310036217,1251232618,164.144.252.26,2760965146
21483,Number names,http://en.wikipedia.org/w/index.php?diff=307973310,307973310,1250271380,164.144.252.26,2760965146
21534,Talk:Number names,http://en.wikipedia.org/w/index.php?diff=307973138,307973138,1250271318,164.144.252.26,2760965146
1446838,Talk:Quantitative genetics,http://en.wikipedia.org/w/index.php?diff=307417762,307417762,1250018769,164.144.248.26,2760964122
8616210,Cinnamomum burmannii,http://en.wikipedia.org/w/index.php?diff=304940654,304940654,1248897180,164.144.248.26,2760964122
4678684,"Talk:Bella Villa, Missouri",http://en.wikipedia.org/w/index.php?diff=304730095,304730095,1248808063,164.144.248.26,2760964122
2724567,Bone crusher,http://en.wikipedia.org/w/index.php?diff=303994803,303994803,1248464741,164.144.248.26,2760964122
2724567,Bone crusher,http://en.wikipedia.org/w/index.php?diff=303992013,303992013,1248463768,164.144.248.26,2760964122
7276176,Deep state,http://en.wikipedia.org/w/index.php?diff=300948917,300948917,1247038055,164.144.123.1,2760932097
333204,Dalkon Shield,http://en.wikipedia.org/w/index.php?diff=300634649,300634649,1246902590,164.144.248.26,2760964122
4218421,Javed Iqbal (serial killer),http://en.wikipedia.org/w/index.php?diff=299856410,299856410,1246526705,164.144.123.1,2760932097
67030,Errol Flynn,http://en.wikipedia.org/w/index.php?diff=299757531,299757531,1246480037,164.144.248.26,2760964122
67030,Errol Flynn,http://en.wikipedia.org/w/index.php?diff=299757392,299757392,1246479987,164.144.248.26,2760964122
169482,Kamaboko,http://en.wikipedia.org/w/index.php?diff=298786825,298786825,1246037375,164.144.248.26,2760964122
23191701,Mary Jane West-Eberhard,http://en.wikipedia.org/w/index.php?diff=297438548,297438548,1245448893,164.144.248.26,2760964122
23191701,Mary Jane West-Eberhard,http://en.wikipedia.org/w/index.php?diff=297438388,297438388,1245448839,164.144.248.26,2760964122
4659662,Tanya Shafi,http://en.wikipedia.org/w/index.php?diff=295948971,295948971,1244800820,164.144.123.1,2760932097
3358912,Insect diuretic hormones,http://en.wikipedia.org/w/index.php?diff=295335362,295335362,1244535325,164.144.123.1,2760932097
1727788,MercadoLibre.com,http://en.wikipedia.org/w/index.php?diff=295239822,295239822,1244493281,164.144.252.26,2760965146
3302341,Talk:National Merit Scholarship Program,http://en.wikipedia.org/w/index.php?diff=290670725,290670725,1242631247,164.144.232.10,2760960010
1019791,National Merit Scholarship Program,http://en.wikipedia.org/w/index.php?diff=290669984,290669984,1242630801,164.144.232.10,2760960010
65064,Lee Kuan Yew,http://en.wikipedia.org/w/index.php?diff=290667802,290667802,1242629381,164.144.232.10,2760960010
3650189,Stromateidae,http://en.wikipedia.org/w/index.php?diff=289841293,289841293,1242290316,164.144.232.10,2760960010
9850686,Aaron Rouse,http://en.wikipedia.org/w/index.php?diff=289311457,289311457,1242070746,164.144.248.26,2760964122
1959464,Enron: The Smartest Guys in the Room,http://en.wikipedia.org/w/index.php?diff=287012963,287012963,1241079097,164.144.232.10,2760960010
8221624,Talk:Cobb salad,http://en.wikipedia.org/w/index.php?diff=286586084,286586084,1240892992,164.144.232.10,2760960010
1335791,Cobb salad,http://en.wikipedia.org/w/index.php?diff=286585390,286585390,1240892643,164.144.232.10,2760960010
2524115,Ohio Graduation Test,http://en.wikipedia.org/w/index.php?diff=286577975,286577975,1240888898,164.144.232.10,2760960010
1611375,United Nations Commission on International Trade Law,http://en.wikipedia.org/w/index.php?diff=285823329,285823329,1240564101,164.144.232.10,2760960010
1611375,United Nations Commission on International Trade Law,http://en.wikipedia.org/w/index.php?diff=285823176,285823176,1240563983,164.144.232.10,2760960010
4659662,Tanya Shafi,http://en.wikipedia.org/w/index.php?diff=285616676,285616676,1240475778,164.144.123.1,2760932097
284977,You'll Never Walk Alone (song),http://en.wikipedia.org/w/index.php?diff=284080026,284080026,1239831703,164.144.248.26,2760964122
284977,You'll Never Walk Alone (song),http://en.wikipedia.org/w/index.php?diff=284079919,284079919,1239831670,164.144.248.26,2760964122
284977,You'll Never Walk Alone (song),http://en.wikipedia.org/w/index.php?diff=284079475,284079475,1239831544,164.144.248.26,2760964122
284977,You'll Never Walk Alone (song),http://en.wikipedia.org/w/index.php?diff=284079048,284079048,1239831419,164.144.248.26,2760964122
1069408,List of Japanese hell ships,http://en.wikipedia.org/w/index.php?diff=284072257,284072257,1239829387,164.144.248.26,2760964122
1944739,Charoen Pokphand,http://en.wikipedia.org/w/index.php?diff=283871903,283871903,1239746300,164.144.248.26,2760964122
1944739,Charoen Pokphand,http://en.wikipedia.org/w/index.php?diff=283871601,283871601,1239746195,164.144.248.26,2760964122
615477,Sunshine Skyway Bridge,http://en.wikipedia.org/w/index.php?diff=283825883,283825883,1239732470,164.144.248.26,2760964122
1994727,Loeb,http://en.wikipedia.org/w/index.php?diff=279539286,279539286,1237968048,164.144.232.10,2760960010
90473,Wall $treet Week,http://en.wikipedia.org/w/index.php?diff=279536908,279536908,1237966485,164.144.232.10,2760960010
365670,Indore,http://en.wikipedia.org/w/index.php?diff=279434923,279434923,1237926328,164.144.248.26,2760964122
48968,Guanxi,http://en.wikipedia.org/w/index.php?diff=279322552,279322552,1237880729,164.144.232.10,2760960010
48968,Guanxi,http://en.wikipedia.org/w/index.php?diff=279322504,279322504,1237880693,164.144.232.10,2760960010
441872,AstraZeneca,http://en.wikipedia.org/w/index.php?diff=279106959,279106959,1237794482,164.144.232.10,2760960010
441872,AstraZeneca,http://en.wikipedia.org/w/index.php?diff=279106795,279106795,1237794361,164.144.232.10,2760960010
10271655,Talk:Cedalion,http://en.wikipedia.org/w/index.php?diff=278156440,278156440,1237400356,164.144.248.26,2760964122
5741779,Baton Bob,http://en.wikipedia.org/w/index.php?diff=278120200,278120200,1237389763,164.144.248.26,2760964122
1012133,Hires Root Beer,http://en.wikipedia.org/w/index.php?diff=277837090,277837090,1237285945,164.144.232.10,2760960010
214491,Multinational corporation,http://en.wikipedia.org/w/index.php?diff=277583230,277583230,1237183480,164.144.232.10,2760960010
214491,Multinational corporation,http://en.wikipedia.org/w/index.php?diff=277583049,277583049,1237183388,164.144.232.10,2760960010
402049,Flag of convenience,http://en.wikipedia.org/w/index.php?diff=277582706,277582706,1237183234,164.144.232.10,2760960010
904,Aluminium,http://en.wikipedia.org/w/index.php?diff=276209583,276209583,1236664861,164.144.232.10,2760960010
33303,Wankel engine,http://en.wikipedia.org/w/index.php?diff=276209030,276209030,1236664584,164.144.232.10,2760960010
33303,Wankel engine,http://en.wikipedia.org/w/index.php?diff=276208937,276208937,1236664543,164.144.232.10,2760960010
4659662,Tanya Shafi,http://en.wikipedia.org/w/index.php?diff=274600361,274600361,1236048901,164.144.232.10,2760960010
3460155,NSA warrantless surveillance controversy,http://en.wikipedia.org/w/index.php?diff=274348886,274348886,1235969842,164.144.232.10,2760960010
21939,National Security Agency,http://en.wikipedia.org/w/index.php?diff=274348125,274348125,1235969567,164.144.232.10,2760960010
21939,National Security Agency,http://en.wikipedia.org/w/index.php?diff=274347861,274347861,1235969471,164.144.232.10,2760960010
21939,National Security Agency,http://en.wikipedia.org/w/index.php?diff=274347263,274347263,1235969253,164.144.232.10,2760960010
21939,National Security Agency,http://en.wikipedia.org/w/index.php?diff=274346157,274346157,1235968858,164.144.232.10,2760960010
150911,Wright-Patterson Air Force Base,http://en.wikipedia.org/w/index.php?diff=274338785,274338785,1235966381,164.144.232.10,2760960010
150911,Wright-Patterson Air Force Base,http://en.wikipedia.org/w/index.php?diff=274338604,274338604,1235966314,164.144.232.10,2760960010
521597,Project Blue Book,http://en.wikipedia.org/w/index.php?diff=274337958,274337958,1235966089,164.144.232.10,2760960010
150911,Wright-Patterson Air Force Base,http://en.wikipedia.org/w/index.php?diff=274337087,274337087,1235965784,164.144.232.10,2760960010
1040179,Bacterial fruit blotch,http://en.wikipedia.org/w/index.php?diff=272805801,272805801,1235423561,164.144.248.26,2760964122
1040179,Bacterial fruit blotch,http://en.wikipedia.org/w/index.php?diff=272804857,272804857,1235423295,164.144.248.26,2760964122
1040179,Bacterial fruit blotch,http://en.wikipedia.org/w/index.php?diff=272803976,272803976,1235423047,164.144.248.26,2760964122
1040179,Bacterial fruit blotch,http://en.wikipedia.org/w/index.php?diff=272802969,272802969,1235422727,164.144.248.26,2760964122
1040179,Bacterial fruit blotch,http://en.wikipedia.org/w/index.php?diff=272802660,272802660,1235422644,164.144.248.26,2760964122
8673900,The Family of Blood,http://en.wikipedia.org/w/index.php?diff=271618890,271618890,1234981146,164.144.248.26,2760964122
4867859,How the Grinch Stole Christmas (film),http://en.wikipedia.org/w/index.php?diff=271377010,271377010,1234892220,164.144.248.26,2760964122
114011,"Wapello, Iowa",http://en.wikipedia.org/w/index.php?diff=268932965,268932965,1233935257,164.144.248.25,2760964121
114011,"Wapello, Iowa",http://en.wikipedia.org/w/index.php?diff=268931965,268931965,1233934889,164.144.248.25,2760964121
114011,"Wapello, Iowa",http://en.wikipedia.org/w/index.php?diff=268929709,268929709,1233934143,164.144.248.25,2760964121
114011,"Wapello, Iowa",http://en.wikipedia.org/w/index.php?diff=268928599,268928599,1233933787,164.144.248.25,2760964121
1806,Arnold Schwarzenegger,http://en.wikipedia.org/w/index.php?diff=265948343,265948343,1232732841,164.144.248.25,2760964121
89030,Talk:Cattle,http://en.wikipedia.org/w/index.php?diff=265855291,265855291,1232684239,164.144.232.10,2760960010
451818,Rocky Mountain oysters,http://en.wikipedia.org/w/index.php?diff=265853991,265853991,1232683623,164.144.232.10,2760960010
158172,Federation of American Scientists,http://en.wikipedia.org/w/index.php?diff=265041168,265041168,1232352871,164.144.232.10,2760960010
11148129,Dayton Project,http://en.wikipedia.org/w/index.php?diff=265019756,265019756,1232341106,164.144.232.10,2760960010
2993703,Data Position Measurement,http://en.wikipedia.org/w/index.php?diff=265015096,265015096,1232339013,164.144.232.10,2760960010
1441332,Qui tam,http://en.wikipedia.org/w/index.php?diff=265012070,265012070,1232337716,164.144.232.10,2760960010
34638,401(k),http://en.wikipedia.org/w/index.php?diff=264311927,264311927,1232049458,164.144.248.25,2760964121
34638,401(k),http://en.wikipedia.org/w/index.php?diff=264311592,264311592,1232049304,164.144.248.25,2760964121
34638,401(k),http://en.wikipedia.org/w/index.php?diff=264311262,264311262,1232049024,164.144.248.25,2760964121
1090481,The Secret Life of Walter Mitty,http://en.wikipedia.org/w/index.php?diff=256975221,256975221,1228879051,164.144.232.10,2760960010
1090481,The Secret Life of Walter Mitty,http://en.wikipedia.org/w/index.php?diff=256974847,256974847,1228878909,164.144.232.10,2760960010
1090481,The Secret Life of Walter Mitty,http://en.wikipedia.org/w/index.php?diff=256971296,256971296,1228877624,164.144.232.10,2760960010
1090481,The Secret Life of Walter Mitty,http://en.wikipedia.org/w/index.php?diff=256971245,256971245,1228877608,164.144.232.10,2760960010
291093,Walter Mitty,http://en.wikipedia.org/w/index.php?diff=256966426,256966426,1228875952,164.144.232.10,2760960010
291093,Walter Mitty,http://en.wikipedia.org/w/index.php?diff=256966288,256966288,1228875907,164.144.232.10,2760960010
291093,Walter Mitty,http://en.wikipedia.org/w/index.php?diff=256966010,256966010,1228875820,164.144.232.10,2760960010
93825,Monsanto,http://en.wikipedia.org/w/index.php?diff=256657759,256657759,1228758710,164.144.248.25,2760964121
57713,Eczema,http://en.wikipedia.org/w/index.php?diff=256565195,256565195,1228713093,164.144.232.10,2760960010
88801,The Salvation Army,http://en.wikipedia.org/w/index.php?diff=256120405,256120405,1228514112,164.144.248.25,2760964121
16085505,That's Not My Name,http://en.wikipedia.org/w/index.php?diff=256119164,256119164,1228513688,164.144.248.25,2760964121
781810,Jonathan Harris,http://en.wikipedia.org/w/index.php?diff=255610530,255610530,1228301166,164.144.232.10,2760960010
5637772,The Principal,http://en.wikipedia.org/w/index.php?diff=255181238,255181238,1228128089,164.144.232.10,2760960010
5637772,The Principal,http://en.wikipedia.org/w/index.php?diff=255181186,255181186,1228128051,164.144.232.10,2760960010
4659662,Tanya Shafi,http://en.wikipedia.org/w/index.php?diff=252751855,252751855,1227088269,164.144.123.1,2760932097
1356937,Harry Hyde,http://en.wikipedia.org/w/index.php?diff=251373936,251373936,1226511236,164.144.248.25,2760964121
2724903,Talk:Social Register,http://en.wikipedia.org/w/index.php?diff=251366467,251366467,1226508728,164.144.248.25,2760964121
18774671,Fearless (Taylor Swift album),http://en.wikipedia.org/w/index.php?diff=251176043,251176043,1226436478,164.144.248.25,2760964121
18774671,Fearless (Taylor Swift album),http://en.wikipedia.org/w/index.php?diff=251176012,251176012,1226436469,164.144.248.25,2760964121
18774671,Fearless (Taylor Swift album),http://en.wikipedia.org/w/index.php?diff=251175115,251175115,1226436199,164.144.248.25,2760964121
18774671,Fearless (Taylor Swift album),http://en.wikipedia.org/w/index.php?diff=251174956,251174956,1226436154,164.144.248.25,2760964121
18774671,Fearless (Taylor Swift album),http://en.wikipedia.org/w/index.php?diff=251174887,251174887,1226436134,164.144.248.25,2760964121
3092232,Sehrawat,http://en.wikipedia.org/w/index.php?diff=250812713,250812713,1226295471,164.144.232.10,2760960010
3092232,Sehrawat,http://en.wikipedia.org/w/index.php?diff=250812602,250812602,1226295397,164.144.232.10,2760960010
16283969,Wikipedia:Sandbox,http://en.wikipedia.org/w/index.php?diff=250261315,250261315,1226075821,164.144.248.25,2760964121
1494648,Google Maps,http://en.wikipedia.org/w/index.php?diff=248707038,248707038,1225406506,164.144.248.25,2760964121
294295,Glyphosate,http://en.wikipedia.org/w/index.php?diff=248626686,248626686,1225379640,164.144.248.25,2760964121
17060414,Miles Electric Vehicles,http://en.wikipedia.org/w/index.php?diff=248454792,248454792,1225306555,164.144.248.25,2760964121
2535167,Butternut squash,http://en.wikipedia.org/w/index.php?diff=247420877,247420877,1224870379,164.144.248.25,2760964121
966202,FN Five-seven,http://en.wikipedia.org/w/index.php?diff=247220579,247220579,1224786460,164.144.248.25,2760964121
966202,FN Five-seven,http://en.wikipedia.org/w/index.php?diff=247220342,247220342,1224786379,164.144.248.25,2760964121
966202,FN Five-seven,http://en.wikipedia.org/w/index.php?diff=247217929,247217929,1224785593,164.144.248.25,2760964121
353148,Heckler & Koch MP7,http://en.wikipedia.org/w/index.php?diff=247215370,247215370,1224784808,164.144.248.25,2760964121
864145,Stahlhelm,http://en.wikipedia.org/w/index.php?diff=247214422,247214422,1224784541,164.144.248.25,2760964121
180545,Daikon,http://en.wikipedia.org/w/index.php?diff=247193158,247193158,1224777824,164.144.248.25,2760964121
180545,Daikon,http://en.wikipedia.org/w/index.php?diff=247193082,247193082,1224777800,164.144.248.25,2760964121
8343609,Brad Snyder (As the World Turns),http://en.wikipedia.org/w/index.php?diff=245264506,245264506,1224007203,164.144.248.25,2760964121
785972,Austin Peck,http://en.wikipedia.org/w/index.php?diff=245264087,245264087,1224007076,164.144.248.25,2760964121
159160,Taíno,http://en.wikipedia.org/w/index.php?diff=244393776,244393776,1223655017,164.144.248.25,2760964121
227519,Operation Crossroads,http://en.wikipedia.org/w/index.php?diff=243852999,243852999,1223459215,164.144.232.10,2760960010
1990817,Michael McDonald (singer),http://en.wikipedia.org/w/index.php?diff=242507118,242507118,1222959487,164.144.248.25,2760964121
27687,"St. Louis, Missouri",http://en.wikipedia.org/w/index.php?diff=242243947,242243947,1222868406,164.144.248.25,2760964121
248118,Lorenzo Music,http://en.wikipedia.org/w/index.php?diff=240167211,240167211,1222061964,164.144.232.10,2760960010
21282070,Taste,http://en.wikipedia.org/w/index.php?diff=239061245,239061245,1221671416,164.144.248.25,2760964121
57554,"Flagstaff, Arizona",http://en.wikipedia.org/w/index.php?diff=239052607,239052607,1221668613,164.144.248.25,2760964121
57554,"Flagstaff, Arizona",http://en.wikipedia.org/w/index.php?diff=238896985,238896985,1221602532,164.144.248.25,2760964121
2182523,David Stremme,http://en.wikipedia.org/w/index.php?diff=236293983,236293983,1220555385,164.144.248.25,2760964121
2182523,David Stremme,http://en.wikipedia.org/w/index.php?diff=236293013,236293013,1220555068,164.144.248.25,2760964121
2182523,David Stremme,http://en.wikipedia.org/w/index.php?diff=236292686,236292686,1220554956,164.144.248.25,2760964121
2600856,Talk:Aiguille du Midi,http://en.wikipedia.org/w/index.php?diff=236120277,236120277,1220481924,164.144.248.25,2760964121
2600856,Talk:Aiguille du Midi,http://en.wikipedia.org/w/index.php?diff=236120103,236120103,1220481861,164.144.248.25,2760964121
2600856,Talk:Aiguille du Midi,http://en.wikipedia.org/w/index.php?diff=236117105,236117105,1220480837,164.144.248.25,2760964121
2600856,Talk:Aiguille du Midi,http://en.wikipedia.org/w/index.php?diff=236116220,236116220,1220480524,164.144.248.25,2760964121
2600856,Talk:Aiguille du Midi,http://en.wikipedia.org/w/index.php?diff=236113778,236113778,1220479646,164.144.248.25,2760964121
210682,BB,http://en.wikipedia.org/w/index.php?diff=235018253,235018253,1220028961,164.144.248.25,2760964121
1813828,Design patent,http://en.wikipedia.org/w/index.php?diff=234879096,234879096,1219964832,164.144.248.25,2760964121
1813828,Design patent,http://en.wikipedia.org/w/index.php?diff=234878222,234878222,1219964494,164.144.248.25,2760964121
210682,BB,http://en.wikipedia.org/w/index.php?diff=234841332,234841332,1219951997,164.144.248.25,2760964121
210682,BB,http://en.wikipedia.org/w/index.php?diff=234841166,234841166,1219951948,164.144.248.25,2760964121
1503970,Carbomer,http://en.wikipedia.org/w/index.php?diff=234168659,234168659,1219684478,164.144.248.25,2760964121
1503970,Carbomer,http://en.wikipedia.org/w/index.php?diff=234168587,234168587,1219684451,164.144.248.25,2760964121
145023,Spray drying,http://en.wikipedia.org/w/index.php?diff=232160658,232160658,1218827260,164.144.248.25,2760964121
6720825,Powdered eggs,http://en.wikipedia.org/w/index.php?diff=232157739,232157739,1218826273,164.144.248.25,2760964121
18862623,Talk:Larry Gowell,http://en.wikipedia.org/w/index.php?diff=231943169,231943169,1218736388,164.144.248.25,2760964121
6519239,Buffalo Soldier (song),http://en.wikipedia.org/w/index.php?diff=231748205,231748205,1218657777,164.144.248.25,2760964121
303103,Buffalo Soldier,http://en.wikipedia.org/w/index.php?diff=231747969,231747969,1218657703,164.144.248.25,2760964121
303103,Buffalo Soldier,http://en.wikipedia.org/w/index.php?diff=231747849,231747849,1218657672,164.144.248.25,2760964121
303103,Buffalo Soldier,http://en.wikipedia.org/w/index.php?diff=231747262,231747262,1218657503,164.144.248.25,2760964121
919955,Bowsprit,http://en.wikipedia.org/w/index.php?diff=231248009,231248009,1218469054,164.144.248.25,2760964121
1300622,Madison Mallards,http://en.wikipedia.org/w/index.php?diff=230668488,230668488,1218222533,164.144.248.25,2760964121
150759,"Sikeston, Missouri",http://en.wikipedia.org/w/index.php?diff=228882516,228882516,1217450995,164.144.248.25,2760964121
18287478,Rsyslog,http://en.wikipedia.org/w/index.php?diff=228856224,228856224,1217442526,164.144.248.25,2760964121
1448761,Danny Gatton,http://en.wikipedia.org/w/index.php?diff=228622217,228622217,1217346357,164.144.248.25,2760964121
2930141,Nespresso,http://en.wikipedia.org/w/index.php?diff=227824960,227824960,1216991599,164.144.248.25,2760964121
2930141,Nespresso,http://en.wikipedia.org/w/index.php?diff=227824341,227824341,1216991269,164.144.248.25,2760964121
2930141,Nespresso,http://en.wikipedia.org/w/index.php?diff=227824101,227824101,1216991171,164.144.248.25,2760964121
215670,Lil' Kim,http://en.wikipedia.org/w/index.php?diff=227738715,227738715,1216947033,164.144.248.25,2760964121
303489,Foxy Brown (rapper),http://en.wikipedia.org/w/index.php?diff=227736847,227736847,1216946327,164.144.248.25,2760964121
303489,Foxy Brown (rapper),http://en.wikipedia.org/w/index.php?diff=227736620,227736620,1216946231,164.144.248.25,2760964121
303489,Foxy Brown (rapper),http://en.wikipedia.org/w/index.php?diff=227736384,227736384,1216946139,164.144.248.25,2760964121
303489,Foxy Brown (rapper),http://en.wikipedia.org/w/index.php?diff=227736134,227736134,1216946028,164.144.248.25,2760964121
303489,Foxy Brown (rapper),http://en.wikipedia.org/w/index.php?diff=227736048,227736048,1216945991,164.144.248.25,2760964121
3084035,Marc Yu,http://en.wikipedia.org/w/index.php?diff=227244644,227244644,1216749437,164.144.248.25,2760964121
8030142,Mumaith Khan,http://en.wikipedia.org/w/index.php?diff=226073951,226073951,1216233457,164.144.248.25,2760964121
16819755,Membrane fouling,http://en.wikipedia.org/w/index.php?diff=226008723,226008723,1216211750,164.144.248.25,2760964121
16819755,Membrane fouling,http://en.wikipedia.org/w/index.php?diff=226008672,226008672,1216211733,164.144.248.25,2760964121
16819755,Membrane fouling,http://en.wikipedia.org/w/index.php?diff=226008642,226008642,1216211720,164.144.248.25,2760964121
16819755,Membrane fouling,http://en.wikipedia.org/w/index.php?diff=226008521,226008521,1216211665,164.144.248.25,2760964121
16819755,Membrane fouling,http://en.wikipedia.org/w/index.php?diff=226008385,226008385,1216211611,164.144.248.25,2760964121
413533,Wing (disambiguation),http://en.wikipedia.org/w/index.php?diff=225850246,225850246,1216145565,164.144.248.25,2760964121
413533,Wing (disambiguation),http://en.wikipedia.org/w/index.php?diff=225850069,225850069,1216145505,164.144.248.25,2760964121
3918733,Cestui que,http://en.wikipedia.org/w/index.php?diff=225295027,225295027,1215903717,164.144.248.25,2760964121
93825,Monsanto,http://en.wikipedia.org/w/index.php?diff=224837861,224837861,1215710217,164.144.248.25,2760964121
93825,Monsanto,http://en.wikipedia.org/w/index.php?diff=224825545,224825545,1215706460,164.144.248.25,2760964121
361870,Truman State University,http://en.wikipedia.org/w/index.php?diff=224439459,224439459,1215551387,164.144.248.25,2760964121
5471199,Sins of a Solar Empire,http://en.wikipedia.org/w/index.php?diff=224398887,224398887,1215540083,164.144.248.25,2760964121
5471199,Sins of a Solar Empire,http://en.wikipedia.org/w/index.php?diff=224393952,224393952,1215538622,164.144.248.25,2760964121
16064161,King & Wood,http://en.wikipedia.org/w/index.php?diff=224213536,224213536,1215463972,164.144.248.25,2760964121
16064161,King & Wood,http://en.wikipedia.org/w/index.php?diff=224154473,224154473,1215445918,164.144.248.25,2760964121
1372,Amber,http://en.wikipedia.org/w/index.php?diff=222679527,222679527,1214842011,164.144.248.25,2760964121
32308,United States customary units,http://en.wikipedia.org/w/index.php?diff=221754702,221754702,1214435540,164.144.248.25,2760964121
95907,"Webster County, Iowa",http://en.wikipedia.org/w/index.php?diff=221431008,221431008,1214314934,164.144.248.25,2760964121
95907,"Webster County, Iowa",http://en.wikipedia.org/w/index.php?diff=221430796,221430796,1214314857,164.144.248.25,2760964121
48919,Prince Albert (disambiguation),http://en.wikipedia.org/w/index.php?diff=220647707,220647707,1213998514,164.144.248.25,2760964121
345255,Rüştü Reçber,http://en.wikipedia.org/w/index.php?diff=220637450,220637450,1213994698,164.144.248.25,2760964121
23318,Phosphorus,http://en.wikipedia.org/w/index.php?diff=220617494,220617494,1213988133,164.144.248.25,2760964121
17987428,Talk:Julia Nunes,http://en.wikipedia.org/w/index.php?diff=220603017,220603017,1213983271,164.144.248.25,2760964121
456498,Soochow University,http://en.wikipedia.org/w/index.php?diff=220097468,220097468,1213774385,164.144.232.10,2760960010
243875,Languages of China,http://en.wikipedia.org/w/index.php?diff=220024869,220024869,1213742787,164.144.248.25,2760964121
70807,Thunderstorm,http://en.wikipedia.org/w/index.php?diff=219907804,219907804,1213704627,164.144.248.25,2760964121
12573452,Jason Lyon,http://en.wikipedia.org/w/index.php?diff=218430390,218430390,1213116700,164.144.248.25,2760964121
2434436,Uniform Trade Secrets Act,http://en.wikipedia.org/w/index.php?diff=218221284,218221284,1213036018,164.144.248.25,2760964121
2434436,Uniform Trade Secrets Act,http://en.wikipedia.org/w/index.php?diff=218221107,218221107,1213035962,164.144.248.25,2760964121
206586,Technological convergence,http://en.wikipedia.org/w/index.php?diff=217157901,217157901,1212614103,164.144.248.25,2760964121
8261034,Talk:Twisted nematic field effect,http://en.wikipedia.org/w/index.php?diff=214442228,214442228,1211558148,164.144.123.1,2760932097
8261034,Talk:Twisted nematic field effect,http://en.wikipedia.org/w/index.php?diff=214440537,214440537,1211557635,164.144.123.1,2760932097
9521234,Dicamba,http://en.wikipedia.org/w/index.php?diff=213951605,213951605,1211379636,164.144.248.25,2760964121
213137,James Baker,http://en.wikipedia.org/w/index.php?diff=213941065,213941065,1211375802,164.144.123.1,2760932097
213137,James Baker,http://en.wikipedia.org/w/index.php?diff=213940876,213940876,1211375735,164.144.123.1,2760932097
622159,Nonce word,http://en.wikipedia.org/w/index.php?diff=212798559,212798559,1210929068,164.144.123.1,2760932097
2263904,Carbon footprint,http://en.wikipedia.org/w/index.php?diff=212653063,212653063,1210874893,164.144.248.25,2760964121
5471199,Sins of a Solar Empire,http://en.wikipedia.org/w/index.php?diff=212458734,212458734,1210802631,164.144.248.25,2760964121
232749,Earthquake construction,http://en.wikipedia.org/w/index.php?diff=212107888,212107888,1210686686,164.144.248.25,2760964121
4629988,Transformers: Titanium,http://en.wikipedia.org/w/index.php?diff=212107418,212107418,1210686510,164.144.248.25,2760964121
4629988,Transformers: Titanium,http://en.wikipedia.org/w/index.php?diff=212107228,212107228,1210686449,164.144.248.25,2760964121
1043263,Excitotoxicity,http://en.wikipedia.org/w/index.php?diff=212090688,212090688,1210680142,164.144.123.1,2760932097
1043263,Excitotoxicity,http://en.wikipedia.org/w/index.php?diff=212090418,212090418,1210680021,164.144.123.1,2760932097
48463,Sucralose,http://en.wikipedia.org/w/index.php?diff=212085013,212085013,1210677486,164.144.123.1,2760932097
48463,Sucralose,http://en.wikipedia.org/w/index.php?diff=212084814,212084814,1210677380,164.144.123.1,2760932097
26171,Robin Hood,http://en.wikipedia.org/w/index.php?diff=209068444,209068444,1209498851,164.144.248.25,2760964121
13349024,East Coast Economic Region,http://en.wikipedia.org/w/index.php?diff=208946493,208946493,1209452992,164.144.232.10,2760960010
986737,"Steinbach, Manitoba",http://en.wikipedia.org/w/index.php?diff=208159230,208159230,1209147721,164.144.248.25,2760964121
7618011,DC and the Family,http://en.wikipedia.org/w/index.php?diff=207597384,207597384,1208956620,164.144.248.25,2760964121
86190,Canola,http://en.wikipedia.org/w/index.php?diff=206569720,206569720,1208553014,164.144.248.25,2760964121
86190,Canola,http://en.wikipedia.org/w/index.php?diff=206569526,206569526,1208552946,164.144.248.25,2760964121
268126,Mitchell,http://en.wikipedia.org/w/index.php?diff=206558717,206558717,1208549435,164.144.248.25,2760964121
1099413,Orbital eccentricity,http://en.wikipedia.org/w/index.php?diff=202812645,202812645,1207148687,164.144.248.25,2760964121
5942413,A. G. Lafley,http://en.wikipedia.org/w/index.php?diff=202512636,202512636,1207045931,164.144.123.1,2760932097
959166,Harley Earl,http://en.wikipedia.org/w/index.php?diff=202509383,202509383,1207043989,164.144.123.1,2760932097
1154896,Acharya Hemachandra,http://en.wikipedia.org/w/index.php?diff=202343438,202343438,1206986289,164.144.248.25,2760964121
3225945,Pioneer Hi-Bred,http://en.wikipedia.org/w/index.php?diff=201403896,201403896,1206649136,164.144.248.25,2760964121
186749,Narcissistic personality disorder,http://en.wikipedia.org/w/index.php?diff=201397231,201397231,1206647283,164.144.248.25,2760964121
186749,Narcissistic personality disorder,http://en.wikipedia.org/w/index.php?diff=201397092,201397092,1206647245,164.144.248.25,2760964121
1831103,Foamcore,http://en.wikipedia.org/w/index.php?diff=200832077,200832077,1206464086,164.144.248.25,2760964121
12072030,Marching Mizzou,http://en.wikipedia.org/w/index.php?diff=194984990,194984990,1204321763,164.144.248.25,2760964121
1026777,Third Day,http://en.wikipedia.org/w/index.php?diff=194911655,194911655,1204300743,164.144.248.25,2760964121
294375,Fender Telecaster,http://en.wikipedia.org/w/index.php?diff=193888517,193888517,1203928893,164.144.123.1,2760932097
12983982,Pignose,http://en.wikipedia.org/w/index.php?diff=193888217,193888217,1203928706,164.144.123.1,2760932097
12983982,Pignose,http://en.wikipedia.org/w/index.php?diff=193886036,193886036,1203927425,164.144.123.1,2760932097
26010,Robert Johnson (musician),http://en.wikipedia.org/w/index.php?diff=193884954,193884954,1203926854,164.144.123.1,2760932097
15780,Coen brothers,http://en.wikipedia.org/w/index.php?diff=193883855,193883855,1203926298,164.144.123.1,2760932097
15780,Coen brothers,http://en.wikipedia.org/w/index.php?diff=193883274,193883274,1203925959,164.144.123.1,2760932097
746462,Tungsten carbide,http://en.wikipedia.org/w/index.php?diff=193249043,193249043,1203678789,164.144.123.1,2760932097
12366,Graphite,http://en.wikipedia.org/w/index.php?diff=193248264,193248264,1203678342,164.144.123.1,2760932097
81274,Rachel Carson,http://en.wikipedia.org/w/index.php?diff=193166003,193166003,1203641672,164.144.248.25,2760964121
81274,Rachel Carson,http://en.wikipedia.org/w/index.php?diff=193165930,193165930,1203641647,164.144.248.25,2760964121
81274,Rachel Carson,http://en.wikipedia.org/w/index.php?diff=193165821,193165821,1203641616,164.144.248.25,2760964121
2392458,Microinequity,http://en.wikipedia.org/w/index.php?diff=192798776,192798776,1203516746,164.144.32.10,2760908810
905957,Human height,http://en.wikipedia.org/w/index.php?diff=191284780,191284780,1202944693,164.144.248.25,2760964121
905957,Human height,http://en.wikipedia.org/w/index.php?diff=191284627,191284627,1202944665,164.144.248.25,2760964121
3961585,Wingman (social),http://en.wikipedia.org/w/index.php?diff=191231947,191231947,1202935620,164.144.248.25,2760964121
3961585,Wingman (social),http://en.wikipedia.org/w/index.php?diff=191231406,191231406,1202935534,164.144.248.25,2760964121
567103,Herbert Stein,http://en.wikipedia.org/w/index.php?diff=189008344,189008344,1202125992,164.144.123.1,2760932097
569,Anthropology,http://en.wikipedia.org/w/index.php?diff=185283311,185283311,1200690636,164.144.248.25,2760964121
19501,Martial arts,http://en.wikipedia.org/w/index.php?diff=184933499,184933499,1200557084,164.144.232.10,2760960010
19501,Martial arts,http://en.wikipedia.org/w/index.php?diff=184932404,184932404,1200556442,164.144.232.10,2760960010
93825,Monsanto,http://en.wikipedia.org/w/index.php?diff=184574962,184574962,1200433512,164.144.248.25,2760964121
633049,Audi A8,http://en.wikipedia.org/w/index.php?diff=177890100,177890100,1197645908,164.144.248.25,2760964121
10552816,Helio Ocean,http://en.wikipedia.org/w/index.php?diff=174673991,174673991,1196368382,164.144.248.25,2760964121
82104,Commercialization of traditional medicines,http://en.wikipedia.org/w/index.php?diff=172477693,172477693,1195478380,164.144.123.1,2760932097
82104,Commercialization of traditional medicines,http://en.wikipedia.org/w/index.php?diff=172477142,172477142,1195478114,164.144.123.1,2760932097
11224293,Heroes: Origins,http://en.wikipedia.org/w/index.php?diff=168727471,168727471,1194012857,164.144.240.25,2760962073
5065735,Kamil Idris,http://en.wikipedia.org/w/index.php?diff=167195539,167195539,1193399614,164.144.123.1,2760932097
3433820,Livin' on a Prayer,http://en.wikipedia.org/w/index.php?diff=167070646,167070646,1193347226,164.144.240.25,2760962073
265143,Red Dawn,http://en.wikipedia.org/w/index.php?diff=163761458,163761458,1192089739,164.144.123.1,2760932097
1370858,Talk:Pulp Fiction (film),http://en.wikipedia.org/w/index.php?diff=163651177,163651177,1192049361,164.144.240.25,2760962073
10043800,Subprime lending,http://en.wikipedia.org/w/index.php?diff=162471478,162471478,1191597901,164.144.240.25,2760962073
2772570,"Stix, Baer, Fuller",http://en.wikipedia.org/w/index.php?diff=161884535,161884535,1191361989,164.144.240.25,2760962073
9945649,Northwest Plaza,http://en.wikipedia.org/w/index.php?diff=161883404,161883404,1191361669,164.144.240.25,2760962073
9945649,Northwest Plaza,http://en.wikipedia.org/w/index.php?diff=161883278,161883278,1191361638,164.144.240.25,2760962073
17345999,Organic food,http://en.wikipedia.org/w/index.php?diff=160560032,160560032,1190842728,164.144.240.25,2760962073
2095319,Frau Farbissina,http://en.wikipedia.org/w/index.php?diff=159988327,159988327,1190631567,164.144.123.1,2760932097
11972619,Promoter (entertainment),http://en.wikipedia.org/w/index.php?diff=159895523,159895523,1190588158,164.144.240.25,2760962073
11972619,Promoter (entertainment),http://en.wikipedia.org/w/index.php?diff=159895473,159895473,1190588140,164.144.240.25,2760962073
11972619,Promoter (entertainment),http://en.wikipedia.org/w/index.php?diff=159895271,159895271,1190588071,164.144.240.25,2760962073
5711444,Byadgi,http://en.wikipedia.org/w/index.php?diff=159766964,159766964,1190538537,164.144.232.10,2760960010
171410,Sean Lennon,http://en.wikipedia.org/w/index.php?diff=159133491,159133491,1190280560,164.144.123.1,2760932097
171410,Sean Lennon,http://en.wikipedia.org/w/index.php?diff=159133450,159133450,1190280533,164.144.123.1,2760932097
1301031,Larry Rivers,http://en.wikipedia.org/w/index.php?diff=159119699,159119699,1190271545,164.144.123.1,2760932097
133814,Adolph Green,http://en.wikipedia.org/w/index.php?diff=159119463,159119463,1190271382,164.144.123.1,2760932097
1036546,HIV trial in Libya,http://en.wikipedia.org/w/index.php?diff=157589261,157589261,1189681717,164.144.123.1,2760932097
7830588,List of humorous units of measurement,http://en.wikipedia.org/w/index.php?diff=154579397,154579397,1188475083,164.144.123.1,2760932097
460518,Potrzebie,http://en.wikipedia.org/w/index.php?diff=154575895,154575895,1188473398,164.144.123.1,2760932097
579314,Talk:Gower Peninsula,http://en.wikipedia.org/w/index.php?diff=154575131,154575131,1188472939,164.144.123.1,2760932097
579314,Talk:Gower Peninsula,http://en.wikipedia.org/w/index.php?diff=154575074,154575074,1188472899,164.144.123.1,2760932097
52620,Gower Peninsula,http://en.wikipedia.org/w/index.php?diff=154574961,154574961,1188472835,164.144.123.1,2760932097
570350,Against All Odds,http://en.wikipedia.org/w/index.php?diff=154213440,154213440,1188323868,164.144.240.25,2760962073
176124,Orient Express,http://en.wikipedia.org/w/index.php?diff=153929718,153929718,1188212752,164.144.123.1,2760932097
185243,Adana,http://en.wikipedia.org/w/index.php?diff=153156786,153156786,1187880385,164.144.123.1,2760932097
8942375,Cherry Kicks,http://en.wikipedia.org/w/index.php?diff=152770083,152770083,1187729631,164.144.240.25,2760962073
20769,Mergers and acquisitions,http://en.wikipedia.org/w/index.php?diff=152704186,152704186,1187709605,164.144.123.1,2760932097
20769,Mergers and acquisitions,http://en.wikipedia.org/w/index.php?diff=152703706,152703706,1187709437,164.144.123.1,2760932097
5198535,"Lindbergh High School (St. Louis, Missouri)",http://en.wikipedia.org/w/index.php?diff=151613403,151613403,1187275972,164.144.240.25,2760962073
1260772,Kosher foods,http://en.wikipedia.org/w/index.php?diff=151176174,151176174,1187101948,164.144.123.1,2760932097
8253,"Dayton, Ohio",http://en.wikipedia.org/w/index.php?diff=149757974,149757974,1186489909,164.144.123.1,2760932097
231169,USS Theodore Roosevelt (CVN-71),http://en.wikipedia.org/w/index.php?diff=149757073,149757073,1186489482,164.144.123.1,2760932097
8253,"Dayton, Ohio",http://en.wikipedia.org/w/index.php?diff=149756729,149756729,1186489299,164.144.123.1,2760932097
44596,Positronium,http://en.wikipedia.org/w/index.php?diff=149748506,149748506,1186484962,164.144.123.1,2760932097
44596,Positronium,http://en.wikipedia.org/w/index.php?diff=149748458,149748458,1186484932,164.144.123.1,2760932097
1053547,Savennières,http://en.wikipedia.org/w/index.php?diff=149547682,149547682,1186410619,164.144.123.1,2760932097
1053547,Savennières,http://en.wikipedia.org/w/index.php?diff=149545265,149545265,1186409678,164.144.123.1,2760932097
93825,Monsanto,http://en.wikipedia.org/w/index.php?diff=149544442,149544442,1186409367,164.144.123.1,2760932097
93825,Monsanto,http://en.wikipedia.org/w/index.php?diff=149544340,149544340,1186409327,164.144.123.1,2760932097
93825,Monsanto,http://en.wikipedia.org/w/index.php?diff=149543863,149543863,1186409139,164.144.123.1,2760932097
93825,Monsanto,http://en.wikipedia.org/w/index.php?diff=149543510,149543510,1186409018,164.144.123.1,2760932097
93825,Monsanto,http://en.wikipedia.org/w/index.php?diff=149541633,149541633,1186408352,164.144.123.1,2760932097
93825,Monsanto,http://en.wikipedia.org/w/index.php?diff=149541454,149541454,1186408280,164.144.123.1,2760932097
93825,Monsanto,http://en.wikipedia.org/w/index.php?diff=149540553,149540553,1186407936,164.144.123.1,2760932097
93825,Monsanto,http://en.wikipedia.org/w/index.php?diff=149540165,149540165,1186407779,164.144.123.1,2760932097
93825,Monsanto,http://en.wikipedia.org/w/index.php?diff=149538943,149538943,1186407311,164.144.123.1,2760932097
93825,Monsanto,http://en.wikipedia.org/w/index.php?diff=149537799,149537799,1186406802,164.144.123.1,2760932097
93825,Monsanto,http://en.wikipedia.org/w/index.php?diff=149537230,149537230,1186406566,164.144.123.1,2760932097
93825,Monsanto,http://en.wikipedia.org/w/index.php?diff=149536119,149536119,1186406124,164.144.123.1,2760932097
93825,Monsanto,http://en.wikipedia.org/w/index.php?diff=149535757,149535757,1186405948,164.144.123.1,2760932097
93825,Monsanto,http://en.wikipedia.org/w/index.php?diff=149535649,149535649,1186405899,164.144.123.1,2760932097
93825,Monsanto,http://en.wikipedia.org/w/index.php?diff=149535361,149535361,1186405766,164.144.123.1,2760932097
93825,Monsanto,http://en.wikipedia.org/w/index.php?diff=149533952,149533952,1186405118,164.144.123.1,2760932097
93825,Monsanto,http://en.wikipedia.org/w/index.php?diff=149532884,149532884,1186404701,164.144.123.1,2760932097
93825,Monsanto,http://en.wikipedia.org/w/index.php?diff=149532824,149532824,1186404671,164.144.123.1,2760932097
2382930,Talk:Sarah Scaife Foundation,http://en.wikipedia.org/w/index.php?diff=149530401,149530401,1186403499,164.144.123.1,2760932097
495732,Union of Concerned Scientists,http://en.wikipedia.org/w/index.php?diff=149529474,149529474,1186403032,164.144.123.1,2760932097
11972619,Promoter (entertainment),http://en.wikipedia.org/w/index.php?diff=149123819,149123819,1186225915,164.144.240.25,2760962073
93825,Monsanto,http://en.wikipedia.org/w/index.php?diff=146855023,146855023,1185314376,164.144.240.25,2760962073
2227557,David Robertson (conductor),http://en.wikipedia.org/w/index.php?diff=146731302,146731302,1185271008,164.144.123.1,2760932097
2227557,David Robertson (conductor),http://en.wikipedia.org/w/index.php?diff=146731137,146731137,1185270927,164.144.123.1,2760932097
2227557,David Robertson (conductor),http://en.wikipedia.org/w/index.php?diff=146730981,146730981,1185270849,164.144.123.1,2760932097
2227557,David Robertson (conductor),http://en.wikipedia.org/w/index.php?diff=146730918,146730918,1185270804,164.144.123.1,2760932097
611978,Saint Louis Symphony Orchestra,http://en.wikipedia.org/w/index.php?diff=146730035,146730035,1185270273,164.144.123.1,2760932097
611978,Saint Louis Symphony Orchestra,http://en.wikipedia.org/w/index.php?diff=146729727,146729727,1185270093,164.144.123.1,2760932097
905116,Talk:Euchre,http://en.wikipedia.org/w/index.php?diff=146525805,146525805,1185197221,164.144.123.1,2760932097
905116,Talk:Euchre,http://en.wikipedia.org/w/index.php?diff=146524585,146524585,1185196729,164.144.123.1,2760932097
98085,Euchre,http://en.wikipedia.org/w/index.php?diff=146524431,146524431,1185196666,164.144.123.1,2760932097
2729171,PlayStation (yacht),http://en.wikipedia.org/w/index.php?diff=146522599,146522599,1185196004,164.144.123.1,2760932097
2729171,PlayStation (yacht),http://en.wikipedia.org/w/index.php?diff=146522339,146522339,1185195918,164.144.123.1,2760932097
2729171,PlayStation (yacht),http://en.wikipedia.org/w/index.php?diff=146522149,146522149,1185195851,164.144.123.1,2760932097
2729171,PlayStation (yacht),http://en.wikipedia.org/w/index.php?diff=146522037,146522037,1185195810,164.144.123.1,2760932097
4630134,Adam Wainwright,http://en.wikipedia.org/w/index.php?diff=145070347,145070347,1184616583,164.144.240.25,2760962073
5942801,Ryan Ludwick,http://en.wikipedia.org/w/index.php?diff=145069622,145069622,1184616386,164.144.240.25,2760962073
1025778,Talk:Hydrolysis,http://en.wikipedia.org/w/index.php?diff=144382703,144382703,1184328479,164.144.240.25,2760962073
510764,Einsatzgruppen,http://en.wikipedia.org/w/index.php?diff=142463178,142463178,1183559709,164.144.123.1,2760932097
306169,Ethylene oxide,http://en.wikipedia.org/w/index.php?diff=142435623,142435623,1183546226,164.144.123.1,2760932097
13896574,Surgical suture,http://en.wikipedia.org/w/index.php?diff=142435506,142435506,1183546171,164.144.123.1,2760932097
31990,Ultraviolet,http://en.wikipedia.org/w/index.php?diff=142429754,142429754,1183543078,164.144.123.1,2760932097
3850301,Stolzite,http://en.wikipedia.org/w/index.php?diff=142424888,142424888,1183540256,164.144.123.1,2760932097
3850301,Stolzite,http://en.wikipedia.org/w/index.php?diff=142424141,142424141,1183539628,164.144.123.1,2760932097
3850301,Stolzite,http://en.wikipedia.org/w/index.php?diff=142423835,142423835,1183539478,164.144.123.1,2760932097
245966,Compact Muon Solenoid,http://en.wikipedia.org/w/index.php?diff=142422048,142422048,1183538420,164.144.123.1,2760932097
3850301,Stolzite,http://en.wikipedia.org/w/index.php?diff=142421827,142421827,1183538286,164.144.123.1,2760932097
262878,Ryanair,http://en.wikipedia.org/w/index.php?diff=142417528,142417528,1183536095,164.144.123.1,2760932097
262878,Ryanair,http://en.wikipedia.org/w/index.php?diff=142417448,142417448,1183536051,164.144.123.1,2760932097
1329090,Mustafa Kemal Atatürk,http://en.wikipedia.org/w/index.php?diff=142223903,142223903,1183462906,164.144.123.1,2760932097
1329090,Mustafa Kemal Atatürk,http://en.wikipedia.org/w/index.php?diff=142223407,142223407,1183462685,164.144.123.1,2760932097
5401,Carboniferous,http://en.wikipedia.org/w/index.php?diff=142208577,142208577,1183454676,164.144.123.1,2760932097
5401,Carboniferous,http://en.wikipedia.org/w/index.php?diff=142208491,142208491,1183454637,164.144.123.1,2760932097
2014645,Glomar Challenger,http://en.wikipedia.org/w/index.php?diff=142206025,142206025,1183453395,164.144.123.1,2760932097
2014645,Glomar Challenger,http://en.wikipedia.org/w/index.php?diff=142205906,142205906,1183453350,164.144.123.1,2760932097
2014645,Glomar Challenger,http://en.wikipedia.org/w/index.php?diff=142205509,142205509,1183453194,164.144.123.1,2760932097
1821380,Alpine style,http://en.wikipedia.org/w/index.php?diff=142199855,142199855,1183450355,164.144.123.1,2760932097
17359,K2,http://en.wikipedia.org/w/index.php?diff=142191332,142191332,1183445965,164.144.123.1,2760932097
237949,Aerial refueling,http://en.wikipedia.org/w/index.php?diff=142000832,142000832,1183380940,164.144.123.1,2760932097
3808294,Convicts in Australia,http://en.wikipedia.org/w/index.php?diff=141230027,141230027,1183058536,164.144.240.25,2760962073
93825,Monsanto,http://en.wikipedia.org/w/index.php?diff=141220668,141220668,1183055636,164.144.240.25,2760962073
93825,Monsanto,http://en.wikipedia.org/w/index.php?diff=141170033,141170033,1183038629,164.144.240.25,2760962073
5958413,A Mighty Heart (film),http://en.wikipedia.org/w/index.php?diff=139238899,139238899,1182273687,164.144.240.25,2760962073
65738,Georges Clemenceau,http://en.wikipedia.org/w/index.php?diff=139214848,139214848,1182266104,164.144.123.1,2760932097
65738,Georges Clemenceau,http://en.wikipedia.org/w/index.php?diff=139214653,139214653,1182266048,164.144.123.1,2760932097
65738,Georges Clemenceau,http://en.wikipedia.org/w/index.php?diff=139214309,139214309,1182265945,164.144.123.1,2760932097
2381263,United States Marine Corps Reconnaissance Battalions,http://en.wikipedia.org/w/index.php?diff=138319175,138319175,1181899816,164.144.123.1,2760932097
2381263,United States Marine Corps Reconnaissance Battalions,http://en.wikipedia.org/w/index.php?diff=138319033,138319033,1181899738,164.144.123.1,2760932097
4877394,Taco salad,http://en.wikipedia.org/w/index.php?diff=138166546,138166546,1181840721,164.144.240.25,2760962073
4877394,Taco salad,http://en.wikipedia.org/w/index.php?diff=138166471,138166471,1181840700,164.144.240.25,2760962073
4877394,Taco salad,http://en.wikipedia.org/w/index.php?diff=138166223,138166223,1181840633,164.144.240.25,2760962073
19166474,Hand,http://en.wikipedia.org/w/index.php?diff=137983355,137983355,1181767318,164.144.240.25,2760962073
19166474,Hand,http://en.wikipedia.org/w/index.php?diff=137983185,137983185,1181767278,164.144.240.25,2760962073
5342110,"List of University of California, Davis alumni",http://en.wikipedia.org/w/index.php?diff=137516240,137516240,1181590590,164.144.240.25,2760962073
93825,Monsanto,http://en.wikipedia.org/w/index.php?diff=133451250,133451250,1180112840,164.144.240.25,2760962073
1325302,Radar detector,http://en.wikipedia.org/w/index.php?diff=131280284,131280284,1179320320,164.144.123.1,2760932097
1325302,Radar detector,http://en.wikipedia.org/w/index.php?diff=131280014,131280014,1179320224,164.144.123.1,2760932097
5000740,Alaskan king crab fishing,http://en.wikipedia.org/w/index.php?diff=128930358,128930358,1178544726,164.144.123.1,2760932097
5000740,Alaskan king crab fishing,http://en.wikipedia.org/w/index.php?diff=128930025,128930025,1178544653,164.144.123.1,2760932097
5000740,Alaskan king crab fishing,http://en.wikipedia.org/w/index.php?diff=128929792,128929792,1178544596,164.144.123.1,2760932097
5000740,Alaskan king crab fishing,http://en.wikipedia.org/w/index.php?diff=128929551,128929551,1178544534,164.144.123.1,2760932097
5000740,Alaskan king crab fishing,http://en.wikipedia.org/w/index.php?diff=128929411,128929411,1178544495,164.144.123.1,2760932097
5000740,Alaskan king crab fishing,http://en.wikipedia.org/w/index.php?diff=128929205,128929205,1178544451,164.144.123.1,2760932097
5000740,Alaskan king crab fishing,http://en.wikipedia.org/w/index.php?diff=128928970,128928970,1178544395,164.144.123.1,2760932097
5000740,Alaskan king crab fishing,http://en.wikipedia.org/w/index.php?diff=128928808,128928808,1178544356,164.144.123.1,2760932097
1149466,Talk:Lupin,http://en.wikipedia.org/w/index.php?diff=128921498,128921498,1178542473,164.144.123.1,2760932097
1149466,Talk:Lupin,http://en.wikipedia.org/w/index.php?diff=128921271,128921271,1178542413,164.144.123.1,2760932097
1149466,Talk:Lupin,http://en.wikipedia.org/w/index.php?diff=128914925,128914925,1178540671,164.144.123.1,2760932097
1149466,Talk:Lupin,http://en.wikipedia.org/w/index.php?diff=128914859,128914859,1178540651,164.144.123.1,2760932097
1149466,Talk:Lupin,http://en.wikipedia.org/w/index.php?diff=128914734,128914734,1178540618,164.144.123.1,2760932097
80710,Ulster Volunteer Force,http://en.wikipedia.org/w/index.php?diff=128237350,128237350,1178296008,164.144.240.25,2760962073
4952543,Josh Hancock,http://en.wikipedia.org/w/index.php?diff=127474948,127474948,1178042958,164.144.240.25,2760962073
2597119,Rye bread,http://en.wikipedia.org/w/index.php?diff=127452036,127452036,1178037016,164.144.123.1,2760932097
10926944,Talk:Rye bread,http://en.wikipedia.org/w/index.php?diff=127451552,127451552,1178036884,164.144.123.1,2760932097
303215,John Geoghan,http://en.wikipedia.org/w/index.php?diff=127136647,127136647,1177941016,164.144.123.1,2760932097
83947,Trichinosis,http://en.wikipedia.org/w/index.php?diff=118830207,118830207,1175191253,164.144.240.25,2760962073
36648,Stevie Nicks,http://en.wikipedia.org/w/index.php?diff=117303629,117303629,1174664916,164.144.123.1,2760932097
1870896,Messinian salinity crisis,http://en.wikipedia.org/w/index.php?diff=115290076,115290076,1173956191,164.144.123.1,2760932097
1870896,Messinian salinity crisis,http://en.wikipedia.org/w/index.php?diff=115039898,115039898,1173875500,164.144.123.1,2760932097
99328,Luiz Inácio Lula da Silva,http://en.wikipedia.org/w/index.php?diff=113923782,113923782,1173476455,164.144.240.25,2760962073
99328,Luiz Inácio Lula da Silva,http://en.wikipedia.org/w/index.php?diff=113923712,113923712,1173476436,164.144.240.25,2760962073
19006,Mediterranean Sea,http://en.wikipedia.org/w/index.php?diff=113844379,113844379,1173453773,164.144.123.1,2760932097
8183398,Tour Sans Fins,http://en.wikipedia.org/w/index.php?diff=113044334,113044334,1173181855,164.144.123.1,2760932097
93825,Monsanto,http://en.wikipedia.org/w/index.php?diff=109574334,109574334,1171986590,164.144.240.25,2760962073
93825,Monsanto,http://en.wikipedia.org/w/index.php?diff=109572825,109572825,1171986144,164.144.240.25,2760962073
891789,Mike Malloy,http://en.wikipedia.org/w/index.php?diff=108293932,108293932,1171532661,164.144.123.1,2760932097
213302,Tomás de Torquemada,http://en.wikipedia.org/w/index.php?diff=108293195,108293195,1171532226,164.144.123.1,2760932097
213302,Tomás de Torquemada,http://en.wikipedia.org/w/index.php?diff=108293089,108293089,1171532163,164.144.123.1,2760932097
2394009,Bénédictine,http://en.wikipedia.org/w/index.php?diff=108063350,108063350,1171458373,164.144.123.1,2760932097
1042287,Campari,http://en.wikipedia.org/w/index.php?diff=108060405,108060405,1171456913,164.144.123.1,2760932097
169366,Novell,http://en.wikipedia.org/w/index.php?diff=108029126,108029126,1171439305,164.144.123.1,2760932097
882664,Roswell (TV series),http://en.wikipedia.org/w/index.php?diff=107866075,107866075,1171390066,164.144.240.25,2760962073
76266,Software patent,http://en.wikipedia.org/w/index.php?diff=107748901,107748901,1171341488,164.144.232.10,2760960010
3223006,1996 National League Championship Series,http://en.wikipedia.org/w/index.php?diff=106153258,106153258,1170798678,164.144.240.25,2760962073
34258,Yoga,http://en.wikipedia.org/w/index.php?diff=106091178,106091178,1170782944,164.144.240.25,2760962073
4630134,Adam Wainwright,http://en.wikipedia.org/w/index.php?diff=105902368,105902368,1170714180,164.144.240.25,2760962073
1496061,List of Unified Modeling Language tools,http://en.wikipedia.org/w/index.php?diff=105135481,105135481,1170438617,164.144.240.25,2760962073
1889674,Preston Wilson,http://en.wikipedia.org/w/index.php?diff=104172490,104172490,1170105762,164.144.240.25,2760962073
151453,Amistad (1841),http://en.wikipedia.org/w/index.php?diff=103454964,103454964,1169843659,164.144.240.25,2760962073
1964868,Secret and special weapons in Showa Japan,http://en.wikipedia.org/w/index.php?diff=102963097,102963097,1169667031,164.144.240.25,2760962073
1074946,Jeff Weaver,http://en.wikipedia.org/w/index.php?diff=102947209,102947209,1169662612,164.144.240.25,2760962073
1274964,Open pollination,http://en.wikipedia.org/w/index.php?diff=102510369,102510369,1169499511,164.144.240.25,2760962073
41145,FCC (disambiguation),http://en.wikipedia.org/w/index.php?diff=102506430,102506430,1169498500,164.144.240.25,2760962073
2301177,Hot Dance Singles Sales,http://en.wikipedia.org/w/index.php?diff=100256160,100256160,1168623462,164.144.240.25,2760962073
611642,Thunderpuss,http://en.wikipedia.org/w/index.php?diff=100250500,100250500,1168621630,164.144.240.25,2760962073
19630739,Continent,http://en.wikipedia.org/w/index.php?diff=99576809,99576809,1168358429,164.144.240.25,2760962073
150578,"Mankato, Minnesota",http://en.wikipedia.org/w/index.php?diff=98677864,98677864,1168018106,164.144.240.25,2760962073
607285,Haplotype,http://en.wikipedia.org/w/index.php?diff=92054636,92054636,1165261376,164.144.240.25,2760962073
607285,Haplotype,http://en.wikipedia.org/w/index.php?diff=92054558,92054558,1165261357,164.144.240.25,2760962073
607285,Haplotype,http://en.wikipedia.org/w/index.php?diff=92054334,92054334,1165261293,164.144.240.25,2760962073
32509,Vitamin C,http://en.wikipedia.org/w/index.php?diff=90718746,90718746,1164741614,164.144.240.25,2760962073
150745,"Pacific, Missouri",http://en.wikipedia.org/w/index.php?diff=88081153,88081153,1163630376,164.144.240.25,2760962073
1101493,Brad Lidge,http://en.wikipedia.org/w/index.php?diff=87767816,87767816,1163516846,164.144.240.25,2760962073
7049582,Li Yinhe,http://en.wikipedia.org/w/index.php?diff=86121009,86121009,1162845963,164.144.240.25,2760962073
55807,Federal Housing Administration,http://en.wikipedia.org/w/index.php?diff=84908484,84908484,1162328995,164.144.240.25,2760962073
338350,Belinda Carlisle,http://en.wikipedia.org/w/index.php?diff=84094064,84094064,1161974566,164.144.240.25,2760962073
111287,"Galva, Illinois",http://en.wikipedia.org/w/index.php?diff=83451231,83451231,1161708210,164.144.240.25,2760962073
19579,Mississippi River,http://en.wikipedia.org/w/index.php?diff=83255263,83255263,1161629257,164.144.240.25,2760962073
734489,Homecoming,http://en.wikipedia.org/w/index.php?diff=82467998,82467998,1161283211,164.144.240.25,2760962073
734489,Homecoming,http://en.wikipedia.org/w/index.php?diff=82467718,82467718,1161283115,164.144.240.25,2760962073
734489,Homecoming,http://en.wikipedia.org/w/index.php?diff=82467640,82467640,1161283086,164.144.240.25,2760962073
734489,Homecoming,http://en.wikipedia.org/w/index.php?diff=82466809,82466809,1161282792,164.144.240.25,2760962073
734489,Homecoming,http://en.wikipedia.org/w/index.php?diff=82466658,82466658,1161282740,164.144.240.25,2760962073
1779018,Imperial Court System,http://en.wikipedia.org/w/index.php?diff=81830163,81830163,1161023422,164.144.240.25,2760962073
1779018,Imperial Court System,http://en.wikipedia.org/w/index.php?diff=81829712,81829712,1161023278,164.144.240.25,2760962073
10975,Fatty acid,http://en.wikipedia.org/w/index.php?diff=77250317,77250317,1158961854,164.144.240.25,2760962073
10975,Fatty acid,http://en.wikipedia.org/w/index.php?diff=77241847,77241847,1158959266,164.144.240.25,2760962073
10975,Fatty acid,http://en.wikipedia.org/w/index.php?diff=77236634,77236634,1158957592,164.144.240.25,2760962073
10975,Fatty acid,http://en.wikipedia.org/w/index.php?diff=77234825,77234825,1158957000,164.144.240.25,2760962073
10975,Fatty acid,http://en.wikipedia.org/w/index.php?diff=77234016,77234016,1158956732,164.144.240.25,2760962073
10975,Fatty acid,http://en.wikipedia.org/w/index.php?diff=77233601,77233601,1158956592,164.144.240.25,2760962073
1043236,Claire McCaskill,http://en.wikipedia.org/w/index.php?diff=76688146,76688146,1158709684,164.144.240.25,2760962073
1133101,Matt Blunt,http://en.wikipedia.org/w/index.php?diff=76686642,76686642,1158709116,164.144.240.25,2760962073
2412514,User:Rajeshmudaliar,http://en.wikipedia.org/w/index.php?diff=76551128,76551128,1158657101,164.144.232.10,2760960010
2580982,Chris Carpenter,http://en.wikipedia.org/w/index.php?diff=76469097,76469097,1158614062,164.144.240.25,2760962073
1106740,Jeff Suppan,http://en.wikipedia.org/w/index.php?diff=76468868,76468868,1158613980,164.144.240.25,2760962073
2580982,Chris Carpenter,http://en.wikipedia.org/w/index.php?diff=76468287,76468287,1158613764,164.144.240.25,2760962073
24984,Personality psychology,http://en.wikipedia.org/w/index.php?diff=74540794,74540794,1157730111,164.144.232.10,2760960010
24984,Personality psychology,http://en.wikipedia.org/w/index.php?diff=74540721,74540721,1157730081,164.144.232.10,2760960010
68131,Martin Sheen,http://en.wikipedia.org/w/index.php?diff=74165322,74165322,1157563295,164.144.240.25,2760962073
2580982,Chris Carpenter,http://en.wikipedia.org/w/index.php?diff=73279125,73279125,1157140813,164.144.240.25,2760962073
6710043,Wikipedia:Articles for creation/2006-08-28,http://en.wikipedia.org/w/index.php?diff=72654552,72654552,1156876326,164.144.240.25,2760962073
6458845,Steve Centanni,http://en.wikipedia.org/w/index.php?diff=70947789,70947789,1156162961,164.144.240.25,2760962073
2599970,Anthony Reyes,http://en.wikipedia.org/w/index.php?diff=68883722,68883722,1155241570,164.144.240.25,2760962073
485429,Chinese martial arts,http://en.wikipedia.org/w/index.php?diff=67272526,67272526,1154540090,164.144.240.25,2760962073
3706187,Talk:List of PDF software,http://en.wikipedia.org/w/index.php?diff=67254524,67254524,1154533443,164.144.240.25,2760962073
6340948,Kakashi Hatake,http://en.wikipedia.org/w/index.php?diff=67057609,67057609,1154447486,164.144.240.25,2760962073
1145266,Asuma Sarutobi,http://en.wikipedia.org/w/index.php?diff=67048907,67048907,1154444469,164.144.240.25,2760962073
3482056,Ninjutsu (Naruto),http://en.wikipedia.org/w/index.php?diff=65824577,65824577,1153859027,164.144.240.25,2760962073
3482056,Ninjutsu (Naruto),http://en.wikipedia.org/w/index.php?diff=65824431,65824431,1153858981,164.144.240.25,2760962073
4631481,Archbishop Alter High School,http://en.wikipedia.org/w/index.php?diff=64835798,64835798,1153396077,164.144.123.1,2760932097
4957625,Chirpan,http://en.wikipedia.org/w/index.php?diff=63097658,63097658,1152560562,164.144.240.25,2760962073
9602,Edinburgh,http://en.wikipedia.org/w/index.php?diff=63097310,63097310,1152560435,164.144.240.25,2760962073
150745,"Pacific, Missouri",http://en.wikipedia.org/w/index.php?diff=63090349,63090349,1152557916,164.144.240.25,2760962073
113933,"Iowa City, Iowa",http://en.wikipedia.org/w/index.php?diff=60069401,60069401,1151013131,164.144.240.25,2760962073
2585057,"Talk:Pacific, Missouri",http://en.wikipedia.org/w/index.php?diff=56205356,56205356,1149111337,164.144.240.25,2760962073
2259102,Release management,http://en.wikipedia.org/w/index.php?diff=55109200,55109200,1148581414,164.144.240.25,2760962073
2259102,Release management,http://en.wikipedia.org/w/index.php?diff=55109102,55109102,1148581381,164.144.240.25,2760962073
6364,Camelopardalis,http://en.wikipedia.org/w/index.php?diff=54933347,54933347,1148498169,164.144.240.25,2760962073
145329,Aspect-oriented programming,http://en.wikipedia.org/w/index.php?diff=53920784,53920784,1147986135,164.144.240.25,2760962073
145329,Aspect-oriented programming,http://en.wikipedia.org/w/index.php?diff=53920663,53920663,1147986088,164.144.240.25,2760962073
59627,Columbine High School massacre,http://en.wikipedia.org/w/index.php?diff=53890935,53890935,1147974392,164.144.240.25,2760962073
82198,Belo Horizonte,http://en.wikipedia.org/w/index.php?diff=53376568,53376568,1147723781,164.144.240.25,2760962073
82198,Belo Horizonte,http://en.wikipedia.org/w/index.php?diff=53376489,53376489,1147723750,164.144.240.25,2760962073
16894,Kylie Minogue,http://en.wikipedia.org/w/index.php?diff=53359509,53359509,1147718284,164.144.240.25,2760962073
3573458,Friburge,http://en.wikipedia.org/w/index.php?diff=51649278,51649278,1146816219,164.144.123.1,2760932097
197451,Goa,http://en.wikipedia.org/w/index.php?diff=51411034,51411034,1146686469,164.144.240.25,2760962073
249606,Tulu language,http://en.wikipedia.org/w/index.php?diff=51327598,51327598,1146638292,164.144.232.10,2760960010
4985212,Talk:Adrian Paul,http://en.wikipedia.org/w/index.php?diff=51253863,51253863,1146601989,164.144.240.25,2760962073
456936,Arnold Wesker,http://en.wikipedia.org/w/index.php?diff=48698489,48698489,1145193621,164.144.232.10,2760960010
38219,Toilet humour,http://en.wikipedia.org/w/index.php?diff=48147793,48147793,1144865609,164.144.240.25,2760962073
19654373,Poop,http://en.wikipedia.org/w/index.php?diff=48147319,48147319,1144865385,164.144.240.25,2760962073
27687,"St. Louis, Missouri",http://en.wikipedia.org/w/index.php?diff=47980586,47980586,1144775882,164.144.240.25,2760962073
27687,"St. Louis, Missouri",http://en.wikipedia.org/w/index.php?diff=46799724,46799724,1144094175,164.144.240.25,2760962073
248608,Rie Tanaka,http://en.wikipedia.org/w/index.php?diff=45258486,45258486,1143205553,164.144.32.10,2760908810
17361,Kiln,http://en.wikipedia.org/w/index.php?diff=42654897,42654897,1141747498,164.144.240.25,2760962073
17361,Kiln,http://en.wikipedia.org/w/index.php?diff=42654391,42654391,1141747253,164.144.240.25,2760962073
31524,Triathlon,http://en.wikipedia.org/w/index.php?diff=41496333,41496333,1141068826,164.144.240.25,2760962073
31524,Triathlon,http://en.wikipedia.org/w/index.php?diff=41496247,41496247,1141068781,164.144.240.25,2760962073
1507481,Five Miles Out,http://en.wikipedia.org/w/index.php?diff=39494093,39494093,1139869524,164.144.240.25,2760962073
319566,Chevelle,http://en.wikipedia.org/w/index.php?diff=34105252,34105252,1136552985,164.144.32.10,2760908810
24951,PlayStation 3,http://en.wikipedia.org/w/index.php?diff=31990460,31990460,1135015827,164.144.240.25,2760962073
42560,David Arkenstone,http://en.wikipedia.org/w/index.php?diff=31373018,31373018,1134594003,164.144.240.25,2760962073
759008,Eye color,http://en.wikipedia.org/w/index.php?diff=30754405,30754405,1134163120,164.144.240.25,2760962073
168873,Blu Cantrell,http://en.wikipedia.org/w/index.php?diff=30754095,30754095,1134162934,164.144.240.25,2760962073
168873,Blu Cantrell,http://en.wikipedia.org/w/index.php?diff=30753995,30753995,1134162873,164.144.240.25,2760962073
759008,Eye color,http://en.wikipedia.org/w/index.php?diff=30753758,30753758,1134162732,164.144.240.25,2760962073
24096,Plough,http://en.wikipedia.org/w/index.php?diff=27757211,27757211,1131484622,164.144.240.25,2760962073
677751,Far Cry,http://en.wikipedia.org/w/index.php?diff=24841472,24841472,1128546609,164.144.240.25,2760962073
113933,"Iowa City, Iowa",http://en.wikipedia.org/w/index.php?diff=23679948,23679948,1127316104,164.144.240.25,2760962073
84350,SA80,http://en.wikipedia.org/w/index.php?diff=23301306,23301306,1126815054,164.144.240.25,2760962073
485453,Vijay Anand,http://en.wikipedia.org/w/index.php?diff=23242327,23242327,1126735357,164.144.240.25,2760962073
485453,Vijay Anand,http://en.wikipedia.org/w/index.php?diff=23242275,23242275,1126735310,164.144.240.25,2760962073
1030540,Physical data model,http://en.wikipedia.org/w/index.php?diff=22869748,22869748,1126218036,164.144.240.25,2760962073
2189161,Wikipedia:Sandbox/Archive,http://en.wikipedia.org/w/index.php?diff=22835490,22835490,1126177839,164.144.123.1,2760932097
2189161,Wikipedia:Sandbox/Archive,http://en.wikipedia.org/w/index.php?diff=22835458,22835458,1126177796,164.144.123.1,2760932097
2335394,Talk:Rogue,http://en.wikipedia.org/w/index.php?diff=21136024,21136024,1124195412,164.144.123.1,2760932097
2335394,Talk:Rogue,http://en.wikipedia.org/w/index.php?diff=21135964,21135964,1124195316,164.144.123.1,2760932097
1877812,Rajesh (name),http://en.wikipedia.org/w/index.php?diff=20606743,20606743,1123576607,164.144.232.10,2760960010
2362149,Countdown clock,http://en.wikipedia.org/w/index.php?diff=20119147,20119147,1122996905,199.89.234.122,3344558714
2356640,Toughbook,http://en.wikipedia.org/w/index.php?diff=20069291,20069291,1122925834,199.89.234.122,3344558714
324741,Replicator (Star Trek),http://en.wikipedia.org/w/index.php?diff=20048355,20048355,1122903654,199.89.234.122,3344558714
54293,Web portal,http://en.wikipedia.org/w/index.php?diff=18697585,18697585,1121202173,199.89.234.122,3344558714
922556,Edson Zvobgo,http://en.wikipedia.org/w/index.php?diff=18105970,18105970,1120445471,199.89.234.122,3344558714
74677,E-learning,http://en.wikipedia.org/w/index.php?diff=15742851,15742851,1119560507,199.89.234.122,3344558714
2009315,Tarim mummies,http://en.wikipedia.org/w/index.php?diff=14943680,14943680,1118347647,199.89.234.122,3344558714
26321,Ramjet,http://en.wikipedia.org/w/index.php?diff=15156156,15156156,1117028227,199.89.234.122,3344558714
26321,Ramjet,http://en.wikipedia.org/w/index.php?diff=14211185,14211185,1117028067,199.89.234.122,3344558714
234034,Code smell,http://en.wikipedia.org/w/index.php?diff=15565243,15565243,1116870026,199.89.234.122,3344558714
93831,Roundup,http://en.wikipedia.org/w/index.php?diff=13251477,13251477,1115240669,199.89.234.122,3344558714
1143897,George W. Bush's second term as President of the United States,http://en.wikipedia.org/w/index.php?diff=13190035,13190035,1115140519,199.89.234.122,3344558714
860152,GM F platform,http://en.wikipedia.org/w/index.php?diff=11773837,11773837,1112371989,199.89.234.122,3344558714
196991,Gastroesophageal reflux disease,http://en.wikipedia.org/w/index.php?diff=10527410,10527410,1108761100,199.89.234.122,3344558714
1121002,Frédéric Ozanam,http://en.wikipedia.org/w/index.php?diff=9228381,9228381,1104964261,199.89.234.122,3344558714
217485,Eddie Van Halen,http://en.wikipedia.org/w/index.php?diff=6172680,6172680,1090965147,199.89.234.122,3344558714
80393,Echidna,http://en.wikipedia.org/w/index.php?diff=4713697,4713697,1090002068,199.89.234.122,3344558714
80393,Echidna,http://en.wikipedia.org/w/index.php?diff=4675635,4675635,1090001920,199.89.234.122,3344558714
74461,Michael Moore,http://en.wikipedia.org/w/index.php?diff=4635604,4635604,1089827509,199.89.234.122,3344558714
202791,Wilde,http://en.wikipedia.org/w/index.php?diff=5857002,5857002,1087586106,199.89.234.122,3344558714
123018,"Perryville, Missouri",http://en.wikipedia.org/w/index.php?diff=4147470,4147470,1083273466,199.89.234.122,3344558714
